id_fan,nama_fan
3f01,Aqidah 
3f02,Fiqih
3f03,Shorof
3f04,Qowaidu Shorfy
3f05,Tajwid
3f06,Nahwu
3f07,Ilmu Akhlak
3f08,Tarikh Nabi
3f14,Riyadloh
3f15,Khitobiyah
3f16,Musyawarah
3f17,Muhafadzoh
3f18,Akhlak
3f19,Kerajinan
3f20,Kerapian
4f01,Aqidah 
4f02,Hadits
4f03,Fiqih
4f04,Shorof
4f05,Qowaidu Shorfy
4f06,Tajwid
4f07,Nahwu
4f08,Ilmu Akhlak
4f09,Tarikh Nabi
4f14,Riyadloh
4f15,Khitobiyah
4f16,Musyawarah
4f17,Muhafadzoh
4f18,Akhlak
4f19,Kerajinan
4f20,Kerapian
50f01,Aqidah 
50f02,Hadits
50f03,Fiqih
50f04,Shorof
50f05,Qowaidu Shorfy
50f06,Tajwid
50f07,Nahwu
50f08,Ilmu Akhlak
50f14,Riyadloh
50f15,Khitobiyah
50f16,Musyawarah
50f17,Muhafadzoh
50f18,Akhlak
50f19,Kerajinan
50f20,Kerapian
55f01,Aqidah 
55f02,Hadits
55f03,Fiqih
55f04,Shorof
55f05,Qowaidu Shorfy
55f06,Tajwid
55f07,Nahwu
55f08,Ilmu Akhlak
55f14,Riyadloh
55f15,Khitobiyah
55f16,Musyawarah
55f17,Muhafadzoh
55f18,Akhlak
55f19,Kerajinan
55f20,Kerapian
60f01,Aqidah 
60f02,Hadits
60f03,Fiqih
60f04,Nahwu
60f05,Faraid
60f06,Mantiq
60f14,Riyadloh
60f15,Khitobiyah
60f16,Musyawarah
60f17,Muhafadzoh
60f18,Akhlak
60f19,Kerajinan
60f20,Kerapian
65f01,Aqidah 
65f02,Hadits
65f03,Fiqih
65f04,Nahwu
65f14,Riyadloh
65f15,Khitobiyah
65f16,Musyawarah
65f17,Muhafadzoh
65f18,Akhlak
65f19,Kerajinan
65f20,Kerapian
7f01,Aqidah 
7f02,Hadits
7f03,Fiqih
7f04,Ilmu Akhlak
7f05,Tarikh Nabi
7f06,Balagoh
7f07,Ushul Fiqh
7f14,Riyadloh
7f15,Khitobiyah
7f16,Musyawarah
7f17,Muhafadzoh
7f18,Akhlak
7f19,Kerajinan
7f20,Kerapian
8f01,Aqidah 
8f02,Hadits
8f03,Fiqih
8f04,Usul Fiqh
8f05,Balagoh
8f06,Falak 
8f14,Riyadloh
8f15,Khitobiyah
8f16,Musyawarah
8f17,Muhafadzoh
8f18,Akhlak
8f19,Kerajinan
8f20,Kerapian
